Pclass,Sex,Age,Fare,Embarked,SibSp,Parch,FamilySize,IsAlone,Survived
2,male,42.00746102576122,415.4842718320885,S,2,2,5,0,0
3,female,38.855368332748746,384.61861938081165,C,0,3,4,0,1
3,female,3.025723198708419,291.0291862132309,S,2,1,4,0,0
3,female,27.958578382466353,478.4631003698472,S,3,3,7,0,1
1,female,31.035453884082706,108.23251260891736,C,2,2,5,0,0
1,male,32.50699969085514,63.53946305171449,Q,4,1,6,0,1
1,female,46.83361716895925,428.44136380815684,C,2,3,6,0,0
3,male,43.154601191423396,225.18341015053667,S,3,4,8,0,0
3,male,49.024502330682125,425.01473856145964,S,3,4,8,0,0
3,male,61.425777661828135,447.6142005457533,S,3,3,7,0,0
1,male,65.22587335857139,40.60422087334501,C,4,1,6,0,1
3,male,57.73172302189306,442.8977338631697,S,3,3,7,0,0
3,female,76.48637198043984,229.67633713101688,S,0,3,4,0,0
2,female,2.440374031432569,260.1119196120738,C,3,2,6,0,0
1,female,16.46646086900014,317.030330435673,Q,2,4,7,0,0
1,female,1.5974671232732276,463.92747729774254,Q,2,2,5,0,0
2,male,52.150502418213634,19.366886270584374,S,2,2,5,0,0
3,female,71.94441336704897,243.65329947573036,C,4,3,8,0,1
2,male,20.235101429527642,346.9838007909747,S,2,2,5,0,0
2,female,74.23572903890823,364.1264092721319,C,4,4,9,0,1
3,male,5.761123832875307,349.3408914531829,C,4,2,7,0,1
1,male,74.82044611763563,75.87321340997971,Q,3,4,8,0,0
2,female,28.77819229193112,156.7038383021238,Q,0,2,3,0,0
2,male,9.012245447488105,185.77060745433658,C,3,4,8,0,0
2,male,39.38386897571973,404.17423176295745,S,3,2,6,0,1
3,female,21.285348849920126,146.592337483131,Q,4,2,7,0,1
1,male,23.504959254991903,113.24543229492956,S,4,1,6,0,0
3,female,25.27590722917664,479.14952932866714,Q,2,4,7,0,1
3,female,64.43904592878042,14.34300970559976,Q,2,4,7,0,0
1,female,43.593740857345104,498.9322192841693,S,3,4,8,0,1
3,male,25.593308233324287,341.64243644012384,Q,1,0,2,0,1
1,male,49.21636888156255,415.94995673006736,Q,1,2,4,0,0
1,male,57.57590326363229,154.36350420963464,S,2,4,7,0,0
3,female,22.537296057949167,17.01448605685939,Q,1,0,2,0,0
3,male,33.67037902050277,371.55606409514974,Q,2,1,4,0,0
3,female,10.629001373618857,418.7308525303311,Q,4,4,9,0,1
2,female,15.310798613239745,372.8333046572244,S,3,4,8,0,0
1,male,54.80831046323364,79.99664077741092,C,0,0,1,1,0
3,female,15.333629467954529,379.17968190591483,S,3,2,6,0,0
2,male,42.48790730969775,386.7721632327441,C,2,1,4,0,1
1,male,57.01465467607218,332.6848526783269,Q,2,4,7,0,0
2,male,9.443276924484763,385.3968070698372,C,3,2,6,0,0
1,male,45.81766535068338,424.5015054420887,S,2,1,4,0,0
3,male,21.26845991240774,310.66601597635463,S,1,3,5,0,1
2,female,77.0712231437688,53.41630984514274,Q,1,3,5,0,1
3,female,39.20010609087405,248.9376267369333,C,2,1,4,0,0
2,female,64.67341143223749,48.04817398908648,Q,2,0,3,0,0
3,male,44.46789683034468,209.6960852058911,Q,1,1,3,0,0
3,male,4.429590095530714,209.48217967155753,S,2,1,4,0,0
1,male,51.01895867192776,42.34482362871837,C,2,0,3,0,0
3,female,76.1608640343259,180.92206164504486,C,3,0,4,0,1
3,male,48.52733379156017,64.38906840774428,C,0,2,3,0,0
3,female,65.71591989471642,406.03525290451887,C,1,2,4,0,1
3,female,70.85231060452422,474.36713272259067,Q,3,0,4,0,0
3,male,19.018301983965664,45.43507287638992,Q,0,3,4,0,1
3,male,17.751542352749905,478.0064515729337,S,2,3,6,0,1
1,female,49.26749811922835,266.0625336750051,Q,2,1,4,0,0
1,male,33.47124911472967,156.7871821973982,Q,3,4,8,0,0
1,female,67.3490429264709,47.66241688532012,S,2,1,4,0,0
2,male,72.10182674844287,255.30589135450472,S,4,1,6,0,0
2,male,28.920288964914732,399.31261680046686,S,3,4,8,0,0
2,female,19.712774158984082,356.47237386068207,Q,0,0,1,1,0
3,male,62.661515704265085,34.61074561734715,Q,3,3,7,0,1
2,female,22.709676808302753,45.72189933027272,S,1,1,3,0,0
2,male,65.98653116258059,207.4079084899922,S,3,4,8,0,1
3,female,34.475322038252266,154.6923420834922,S,2,2,5,0,0
1,female,53.73644204402617,123.86831829746345,Q,2,1,4,0,1
3,male,8.547289792938786,147.69220446526967,Q,4,3,8,0,0
1,female,50.28488664944927,403.70654421547346,C,4,0,5,0,1
3,male,36.6896466202411,465.3217462796084,Q,4,1,6,0,0
3,male,47.34206859086245,208.50032031850753,Q,0,1,2,0,0
1,male,14.27312241184421,453.9943910449236,Q,4,4,9,0,0
1,female,59.213025850590384,167.53289361146216,S,0,2,3,0,0
3,female,69.16096912591506,243.4541233084579,Q,4,2,7,0,0
3,male,18.122444207171277,120.75420892983986,S,0,0,1,1,0
3,male,8.561449886092777,323.83326066616354,C,3,3,7,0,0
3,female,2.8674482976605753,489.70074643565636,C,3,0,4,0,1
1,male,51.715748535018015,305.71161706125554,S,2,1,4,0,0
2,male,48.96042885101368,185.32890121563895,S,0,1,2,0,0
1,female,44.189095604411534,327.4305485353589,S,1,2,4,0,1
3,male,19.323820593162058,70.23113244803992,Q,2,3,6,0,0
3,female,31.88157367653566,445.44294933004534,C,3,4,8,0,0
2,male,47.96363047970767,256.5111358821198,S,0,3,4,0,0
1,female,40.24458184987438,230.1813735994246,Q,4,1,6,0,1
2,male,79.03505609697609,297.0737463422244,C,1,4,6,0,1
2,male,11.778740451981918,316.1440927668072,Q,3,3,7,0,1
3,female,55.91641976975991,45.17014505099139,C,2,3,6,0,0
3,male,32.94118268023908,344.4824383994672,Q,0,4,5,0,1
3,female,34.82776957912357,128.5465233546095,C,1,1,3,0,0
2,male,57.690223486995926,359.836789928229,C,0,3,4,0,0
1,female,55.7024559546252,413.0420492482564,Q,4,4,9,0,0
3,female,79.30922350247288,403.93966870073496,S,2,1,4,0,0
3,female,11.143148866875894,280.72547402986567,C,0,4,5,0,0
3,female,9.22466230134914,264.8832472322681,S,3,4,8,0,0
3,male,58.22276655317055,80.00922105631174,Q,2,3,6,0,0
2,male,46.692566443506315,389.9196136975364,S,3,1,5,0,0
3,female,22.658692658224663,142.99059641889005,S,0,3,4,0,1
2,female,7.274130150129942,253.3807571807938,S,2,0,3,0,0
1,female,7.767001718118013,149.2943055344832,S,3,0,4,0,1
1,male,71.64107909846534,75.57589786984964,S,4,1,6,0,0
1,male,16.157518652780688,318.4832714769509,C,4,4,9,0,1
3,male,26.54635340712614,36.62269706322287,C,0,3,4,0,0
2,male,18.905855775932054,376.836164721838,C,2,3,6,0,0
3,female,29.044708160723047,165.61752967794718,Q,1,1,3,0,0
3,female,6.484483576941376,10.065999572197807,S,2,1,4,0,0
2,female,42.00572348175336,260.4532782262426,C,4,0,5,0,1
2,male,6.341392523784977,32.95743517852553,Q,3,2,6,0,0
3,male,64.22816411796657,145.32308333224074,C,1,1,3,0,0
2,male,19.46325447092421,356.41847885330094,C,0,2,3,0,1
1,female,43.660941253756334,40.71791459471427,S,1,1,3,0,0
2,female,70.5262479173552,421.27586125444117,Q,0,4,5,0,0
1,male,52.41931215472834,11.871762102705723,S,1,4,6,0,0
3,female,43.10366513755549,130.9436959089321,S,0,0,1,1,0
3,male,26.622366496114672,373.042987514515,C,0,0,1,1,0
3,male,27.307151131597635,164.97237336736032,S,1,2,4,0,0
3,female,53.88946946065702,59.92727015234663,Q,1,1,3,0,1
3,male,79.53700953647224,186.51462021220965,S,0,3,4,0,0
1,female,53.28529599810091,142.4927103284175,S,4,0,5,0,0
3,male,45.06488997223197,422.9288320586719,S,1,3,5,0,0
3,female,58.72139030890044,163.54047961672015,C,2,3,6,0,1
3,female,37.75124337041373,396.57691117024353,Q,3,1,5,0,1
3,female,5.751245065462032,447.01735095726,C,0,2,3,0,0
2,male,45.42144845435487,222.57053559249948,C,0,1,2,0,1
1,male,76.65239747592504,455.87214048865206,C,3,0,4,0,0
2,female,14.848932446255112,194.8858464419645,C,4,3,8,0,0
2,female,55.51038637483259,482.398424080153,C,3,1,5,0,0
3,male,16.873761404065462,53.751867017530735,Q,1,1,3,0,0
3,male,43.33038707337342,346.63944058658893,S,3,1,5,0,0
1,male,8.637439522090851,251.96887982389504,C,0,0,1,1,1
3,female,36.57930396439663,199.94791467326706,C,3,2,6,0,0
2,male,60.73690298272444,320.02882058681445,Q,2,1,4,0,1
2,male,28.458150414879583,354.88997490082227,Q,1,0,2,0,0
1,female,53.52802623449023,12.138002128651452,S,3,3,7,0,0
2,male,63.8405469023886,91.80701348612737,Q,0,4,5,0,0
3,male,74.24704773887676,359.39256481081617,S,1,0,2,0,0
2,male,19.53672446658083,336.52885265332117,C,0,4,5,0,0
3,female,32.545957348935346,483.36327751305186,C,4,1,6,0,0
3,female,13.040865053102976,382.9085172228837,S,2,1,4,0,0
2,female,79.40619667051165,475.87862678835563,Q,4,0,5,0,0
3,female,74.23307646601933,354.2448457520554,S,2,4,7,0,1
3,female,43.65661329216421,156.04558223332714,Q,3,1,5,0,0
2,female,67.52063025573727,61.62881190291967,C,1,3,5,0,0
2,female,42.15568020449133,393.09369303901843,Q,3,2,6,0,0
2,male,50.26326935221802,325.6331185231988,S,2,2,5,0,1
2,male,8.040830137165312,33.61114607271515,S,2,1,4,0,1
1,female,60.66636321924783,186.4247282914794,C,2,4,7,0,0
3,male,11.089365207183551,478.83190958730023,Q,0,1,2,0,0
3,male,66.25934278994974,255.1965613979986,Q,1,4,6,0,0
1,female,62.78021892596048,222.03727664965527,Q,3,3,7,0,1
2,male,56.99083112169514,234.27280652805405,C,3,4,8,0,0
3,male,3.856670061456207,112.35253476253023,Q,4,1,6,0,0
2,male,24.94714011968096,190.66651372374966,S,2,3,6,0,0
1,male,21.785893022956586,191.20849543371654,Q,2,0,3,0,0
2,male,29.450776190250007,35.653959891861476,C,2,2,5,0,1
3,female,7.923776994343244,386.10813797377995,Q,3,1,5,0,0
2,female,75.01966801945396,214.0871716329007,Q,4,1,6,0,0
3,female,44.750377016277724,412.8681445400474,S,0,1,2,0,0
3,male,25.13642054198386,426.67052054874875,Q,1,3,5,0,1
2,female,32.36153984886839,113.87708680234245,S,0,0,1,1,1
3,male,36.329000699882016,332.103206263363,S,3,4,8,0,0
2,male,48.44695233548877,241.41808403986104,C,2,0,3,0,0
3,male,41.738674788023324,441.2768015815277,S,1,3,5,0,1
3,male,73.63196588393897,115.71293279646252,S,3,1,5,0,0
3,female,40.26011514956059,342.12846815192165,C,3,2,6,0,0
1,female,79.3804831710417,307.79853990383407,S,3,1,5,0,0
3,male,68.26257166186257,154.69772401019807,C,1,4,6,0,1
2,female,17.47233063422953,76.93444278907458,Q,1,2,4,0,0
1,male,74.51702195686939,329.30348263386554,C,4,1,6,0,1
1,female,10.19294543295261,371.912754484842,S,4,2,7,0,0
3,female,65.57852697080413,164.6573984440415,C,0,0,1,1,0
3,male,31.069240184649825,325.96797597093376,S,1,3,5,0,0
1,female,70.3599713151605,203.6141447296366,Q,1,1,3,0,0
3,male,69.57647851848857,359.47137280848267,C,1,4,6,0,0
2,female,64.66810660929207,107.61548469808602,Q,4,0,5,0,0
3,male,63.41240446825785,446.20535129172544,S,3,1,5,0,0
1,male,25.06965198874522,150.83070226813408,S,2,0,3,0,1
3,female,7.392623361048922,190.21513400051492,Q,4,4,9,0,1
2,female,32.83543412244775,38.465056519371394,C,1,1,3,0,0
3,male,14.708436683934185,64.64098403742543,C,4,4,9,0,0
1,female,55.90113602329448,262.77233232904075,S,0,2,3,0,0
2,female,28.341878396485058,141.12041159670602,Q,1,4,6,0,0
1,male,78.07320586793328,419.38531061367524,Q,0,2,3,0,1
3,male,51.63679411028123,17.199760440927385,C,1,1,3,0,0
3,female,65.97596452711451,195.75608384924874,C,4,2,7,0,0
2,male,11.469449146606026,175.29931791685541,C,3,1,5,0,1
3,male,69.09914409953718,19.470539149624507,Q,2,1,4,0,0
3,male,73.89781805055816,70.94051551025001,C,0,3,4,0,0
3,female,39.47789158669594,212.68491071013128,C,4,1,6,0,0
3,female,48.89398208232722,251.50364637924883,S,3,2,6,0,0
2,male,61.41997427133664,208.10197615488585,C,4,3,8,0,0
1,female,14.812251553572592,270.159462421926,C,0,3,4,0,1
3,male,40.70272004061195,301.61452070378397,Q,2,1,4,0,1
3,female,32.49437919401274,14.862672352639459,Q,4,4,9,0,0
3,male,12.56354538081768,237.4066281322169,S,1,4,6,0,1
2,male,30.035219361030983,482.11462803491827,C,3,3,7,0,0
2,female,6.385612441453992,264.3258172634789,S,4,1,6,0,1
3,male,3.0391406490094717,341.99571105488707,Q,3,4,8,0,0
3,female,11.678136843230998,162.81329037927276,S,1,1,3,0,1
3,female,77.08609381554473,389.25577529485366,Q,2,1,4,0,1
3,male,44.41283333570634,388.7315261192964,S,2,3,6,0,0
3,male,77.29995073110437,265.4350633505281,S,1,3,5,0,1
1,female,35.167332388080425,488.24677340681467,C,3,0,4,0,1
1,male,25.633474513735507,71.51960523370016,S,4,4,9,0,1
3,male,40.98520716437928,18.304355795894686,C,1,4,6,0,0
3,male,35.7214234019999,387.37752376097706,C,0,4,5,0,1
1,male,9.34751005667777,405.50621330879244,C,3,2,6,0,1
1,male,51.625278860526294,68.90154226908236,C,2,1,4,0,0
3,female,18.06701641825837,140.13558814971697,S,1,3,5,0,1
1,female,49.94744843692854,18.600658049648167,Q,2,4,7,0,0
1,male,52.36588629945412,153.7212192824767,Q,3,0,4,0,0
3,male,13.009963397163201,388.83951822014905,Q,2,4,7,0,0
3,male,5.846620541742785,263.8006585791637,S,1,1,3,0,0
3,female,62.680165299406745,180.56684065246117,C,3,1,5,0,0
2,male,37.324233477776296,192.15225450410185,Q,0,3,4,0,0
3,female,5.594939844932587,10.663276600579396,S,1,2,4,0,1
2,female,79.5944390564116,156.90225850696558,C,4,3,8,0,0
2,female,5.564664318712964,326.7647834025859,Q,1,4,6,0,0
3,male,55.9077830798257,487.355277470015,C,3,0,4,0,0
3,female,78.71063509580968,425.05980522211075,Q,1,3,5,0,0
3,male,19.895228233058123,21.56153267630927,Q,0,2,3,0,1
3,female,12.237700126288498,450.29469629067125,Q,0,3,4,0,0
3,male,10.589410214371883,393.7672225163267,C,4,1,6,0,1
1,female,24.95873665784005,392.3843005497804,S,2,4,7,0,0
2,male,8.982619069841089,234.41792191175003,C,3,4,8,0,0
2,female,55.68074599383642,205.02259354770638,Q,3,4,8,0,0
2,male,5.921052052274953,158.4287071282644,C,2,4,7,0,0
3,male,41.24434812383339,42.19048088763923,S,0,4,5,0,0
2,male,79.73905145438516,121.83532811191256,C,0,4,5,0,0
3,male,65.30365129097548,130.83578113923207,S,1,0,2,0,0
3,female,49.60233562024986,247.1977641579988,S,4,2,7,0,1
3,female,25.194036042142322,376.2477592323801,C,4,4,9,0,0
3,male,50.287771067039436,242.16681591499383,Q,4,2,7,0,0
3,female,42.636275649020476,38.343780229108695,S,1,4,6,0,0
2,male,34.66058732733935,479.3170024842199,C,4,3,8,0,0
1,male,11.32611976247576,471.934916356115,S,2,4,7,0,1
3,female,71.04173300399687,394.7428761427201,Q,1,1,3,0,0
2,male,36.53298725688448,495.7506717664681,C,2,0,3,0,0
1,male,16.37517843384044,276.7963430721288,C,1,3,5,0,1
3,female,30.05298871930588,481.756491624071,C,4,3,8,0,0
1,male,33.716250449785235,47.04646990220788,Q,2,1,4,0,0
3,male,66.37549374978308,189.18356664807195,S,2,4,7,0,0
3,male,58.95553606435076,120.43682132331526,C,2,0,3,0,0
3,male,61.77508659766585,105.95821122579231,S,1,3,5,0,1
2,female,1.87146988986313,78.99344495741128,S,3,0,4,0,1
1,female,33.87616585620116,314.9826843673384,Q,4,3,8,0,1
3,female,39.02618797919057,392.8477093161795,C,2,4,7,0,0
2,male,2.516189869021478,293.3662157159767,S,3,3,7,0,0
3,male,21.525243490857704,82.01172769822274,C,4,3,8,0,1
3,female,61.062896026648666,407.45064726740077,C,4,2,7,0,0
3,male,11.831666752590925,321.61780651022696,Q,2,4,7,0,0
2,male,43.28950038475474,200.20119600222782,C,2,1,4,0,0
2,male,18.00094788936176,340.32384481267087,C,1,1,3,0,0
3,male,1.9575411968675684,137.3534398289881,S,3,4,8,0,0
2,female,20.054915150363776,179.14418216216316,Q,3,1,5,0,1
1,female,78.09402663789425,459.5680631346752,C,2,4,7,0,1
3,female,64.32143183875618,152.347207778996,S,4,1,6,0,0
3,male,76.80655490136164,240.29425139738893,Q,2,2,5,0,0
3,female,39.540469470182636,446.16915732404715,Q,4,1,6,0,0
3,female,9.669159695522778,356.78346163108847,S,4,3,8,0,1
1,male,44.288799628921744,40.47958082070435,S,2,4,7,0,0
3,male,36.89580943023691,82.17849169669547,S,0,0,1,1,1
3,female,67.70420953642966,13.842379478239241,S,3,0,4,0,0
1,female,8.748523881955322,319.15167721229005,S,4,4,9,0,0
3,female,39.571049824720475,229.35997845110498,C,4,2,7,0,0
3,female,12.853844510824757,75.79467694211502,C,0,1,2,0,1
3,male,26.649398224314737,479.3877193178175,Q,1,2,4,0,0
3,female,59.25120911363617,269.53326473335375,C,0,0,1,1,0
3,female,38.605432220132556,128.5277141153157,C,0,4,5,0,0
2,male,30.69517452651578,255.2957498658067,C,4,4,9,0,1
2,female,32.16362600703279,343.01396304020284,S,3,2,6,0,1
3,male,37.29629470407294,47.35721680704659,Q,0,2,3,0,0
3,male,63.01630696312749,144.60486937346707,Q,1,1,3,0,1
3,male,71.47469042627851,405.4130905331569,Q,2,3,6,0,0
3,female,76.47144023381033,235.23578649730402,Q,0,3,4,0,0
3,female,63.16536751416831,277.8227995958245,C,0,1,2,0,0
3,male,25.917144764093006,222.07984108263994,C,1,3,5,0,0
3,female,55.36264178083683,31.510971895072508,S,3,0,4,0,1
3,female,35.57064680037596,91.2173921118764,Q,0,3,4,0,1
3,male,21.118979141638043,228.31540298352655,C,0,1,2,0,0
3,male,67.42885477464789,112.50087804988463,C,3,3,7,0,0
3,female,4.035681568023675,34.48972404324258,S,1,4,6,0,1
2,male,72.23919737869846,423.38833538539365,S,0,2,3,0,1
2,female,37.456719705354,490.78433929041677,S,3,0,4,0,0
1,female,51.33891666785416,398.6400082584023,C,0,4,5,0,1
3,female,53.088959854256835,428.35461163528686,C,2,4,7,0,0
1,female,71.71430151581637,128.56879385535223,S,4,1,6,0,0
2,male,51.29690489120938,480.7072180014679,Q,2,2,5,0,1
3,male,49.50075319604488,106.4935951821799,S,0,2,3,0,0
2,male,6.265511204294507,476.20060707729783,S,1,0,2,0,0
3,male,41.954233733671124,497.461454043316,S,4,1,6,0,0
1,female,12.86335106454629,358.7441748155639,S,2,0,3,0,1
1,female,59.25726772899736,490.76042857799274,C,3,3,7,0,1
3,male,41.465531744201286,289.0744919878808,Q,1,4,6,0,0
2,female,54.73799455745991,137.17547375628425,S,2,0,3,0,0
1,female,4.292159147588357,224.1279839761542,Q,3,4,8,0,0
3,female,7.6985692676184545,300.8448583356051,Q,0,1,2,0,0
3,male,57.5895476569519,45.80996539323735,Q,3,3,7,0,0
2,male,6.694662543895196,314.9481996624506,S,2,1,4,0,1
3,male,6.629281493455429,490.77714001352433,C,2,3,6,0,0
1,female,1.9565695435561086,103.15274839402653,S,0,3,4,0,0
1,male,76.56361046565893,398.3716069813078,Q,3,4,8,0,0
3,male,59.26316039726155,454.87040895201346,Q,3,1,5,0,0
3,male,28.906861271663068,472.4137804819082,C,0,1,2,0,1
3,male,24.426310921724763,480.46644615866916,S,3,0,4,0,0
3,male,28.626555149922115,265.51522297352125,Q,0,1,2,0,0
3,male,62.19762896331336,488.8808749158368,C,1,0,2,0,0
3,female,53.248278274562736,381.08200149587503,Q,2,2,5,0,0
2,female,15.630449861529968,89.21900375611133,C,1,2,4,0,0
3,male,14.754637491392664,243.6810521693053,C,4,2,7,0,0
2,male,8.773256327358387,361.98227593228194,S,4,1,6,0,0
2,female,53.16391485640571,131.19675475135085,Q,4,1,6,0,0
1,female,61.38544031551714,323.9014399389548,S,0,0,1,1,0
1,male,21.938667837675318,336.6342347328434,Q,3,3,7,0,0
3,male,2.6546519214421123,89.72287446619728,S,1,0,2,0,1
3,male,7.49156173063776,286.8918031018506,Q,1,2,4,0,0
3,male,77.4609427527574,388.0971863795178,S,1,0,2,0,0
2,female,24.3401374207162,254.45887562261154,C,1,3,5,0,0
1,male,61.768628679212554,15.930527220292639,Q,4,1,6,0,0
1,male,50.34842193948684,14.428849848853167,Q,1,0,2,0,1
2,male,31.173231532578775,184.94437854530597,C,3,2,6,0,0
3,male,17.249293713448854,463.8350935315732,S,4,2,7,0,1
3,female,10.589527034593107,122.0516220057683,Q,1,1,3,0,0
3,female,49.58602447507047,320.83820754712673,Q,0,0,1,1,0
2,female,62.19606867038525,118.81717663972708,S,2,3,6,0,1
3,male,51.868436029749326,167.61829493317882,C,2,1,4,0,0
3,male,42.893868526683505,425.54062390472717,S,2,0,3,0,0
3,female,4.314146651099264,367.14210671227397,S,4,4,9,0,0
3,male,77.51061342995632,56.74564588347321,S,1,2,4,0,1
2,male,64.0984211407114,220.06399028335247,Q,4,3,8,0,0
2,female,24.132940899376216,24.293184186179587,C,3,3,7,0,1
2,female,78.4176560193492,245.6361718354744,C,0,3,4,0,0
3,female,48.54864558126945,334.59266573352335,S,0,2,3,0,1
1,female,47.01138999837247,68.06628556309425,Q,2,0,3,0,0
1,male,60.09778117493304,151.55362006549117,S,2,1,4,0,1
1,male,65.12981325912087,204.9399464960569,Q,2,0,3,0,0
1,female,52.861809979188706,460.5702020814644,Q,1,1,3,0,1
3,male,11.119563962929803,496.6949575572524,Q,3,3,7,0,0
3,female,27.723132973565374,32.00653650785177,Q,3,0,4,0,0
2,female,74.31860758575793,382.8938825127421,C,3,3,7,0,0
1,male,18.744633335664304,192.1447925371482,Q,3,4,8,0,0
2,female,30.40119488316355,202.30451125244522,Q,2,3,6,0,0
2,male,35.13407375259148,379.5898369400411,S,0,3,4,0,1
1,male,35.712994185861724,460.02895175125025,S,2,1,4,0,1
2,male,49.42222701706751,475.9550113062487,C,3,4,8,0,0
2,male,75.5029911818319,292.79006715877716,S,2,3,6,0,1
3,female,20.014724234767893,184.98936805724637,Q,3,3,7,0,0
3,male,10.598608727772527,395.8990520708018,S,4,4,9,0,0
1,female,16.60016869893505,132.99067779852714,C,0,4,5,0,1
2,female,71.06706711653229,286.3962741284237,S,4,0,5,0,0
3,female,52.01905419976128,185.70344614718786,S,1,1,3,0,1
3,female,23.58663634989365,331.7492261168593,C,2,4,7,0,0
3,male,65.45980817852076,127.79546731781838,C,1,4,6,0,0
3,male,69.04822971271145,103.88054341006463,Q,2,2,5,0,0
1,female,67.87463275653197,459.9371524709642,S,4,4,9,0,0
1,female,73.5951961575248,59.88380464527308,Q,3,1,5,0,0
3,male,20.927040593695565,257.91937479011654,S,3,3,7,0,1
1,female,60.648312370955985,118.21786365187437,S,2,3,6,0,1
3,male,37.38262028465706,29.07568202957705,Q,3,3,7,0,1
3,female,67.51788567831485,27.649220962798932,S,4,3,8,0,0
3,male,58.55076349576744,95.8586683318554,S,3,2,6,0,0
2,female,62.339348273478244,434.71747370794014,S,4,4,9,0,0
3,female,52.836785176804646,148.41458454874305,C,1,3,5,0,0
2,male,15.016872788106843,475.7249935818949,Q,4,0,5,0,0
3,female,44.057126592858125,294.99492356470483,C,0,3,4,0,1
3,female,78.78890942243615,223.94095298669538,Q,0,4,5,0,0
2,male,75.05365725327239,294.2435289880328,Q,0,3,4,0,0
3,female,4.4107251279639215,263.18220876087116,S,2,2,5,0,0
3,male,14.020370442625532,381.80036434108933,Q,2,1,4,0,0
1,male,11.406573102910391,148.42307232669762,C,2,1,4,0,0
1,female,58.352412888838344,182.99469188414815,C,4,4,9,0,1
1,female,65.60504105869866,448.10620824129285,C,2,1,4,0,0
1,female,17.867397938543082,473.7636914436987,Q,1,1,3,0,1
1,female,40.96236274319449,447.3535314683725,C,0,0,1,1,0
3,female,67.4155392128848,215.52951703908366,Q,4,4,9,0,0
1,female,58.89132203653379,392.37909647337204,C,0,4,5,0,0
2,female,43.836739233856015,243.4045093175384,C,2,1,4,0,1
3,male,47.63746754624306,253.79452755159008,Q,4,1,6,0,1
1,female,41.16048320638612,110.29325343806914,C,3,1,5,0,0
3,male,24.506327654186826,299.6538485966731,S,1,2,4,0,0
2,female,45.63673743586227,101.20658989914048,Q,2,3,6,0,0
1,female,55.421938861957166,172.46670254292493,Q,2,2,5,0,0
3,male,69.99251035300381,428.96479879376824,Q,1,4,6,0,1
3,female,51.2670169643606,111.46714651331907,S,1,0,2,0,0
3,female,61.12860142640948,44.86755973498208,Q,3,3,7,0,0
3,male,13.645659161411267,43.81372038027999,C,2,0,3,0,0
3,female,37.4630404791634,470.9844150465229,C,2,4,7,0,0
2,female,1.7371979663403705,258.39101460129893,C,0,4,5,0,0
1,female,20.48763029720822,210.61191519033898,Q,4,0,5,0,0
3,male,58.39047549392738,407.33050469388,C,4,0,5,0,1
3,female,79.35298615659971,419.5547046761528,Q,0,0,1,1,1
3,female,8.835069867390057,172.77360622664625,C,4,4,9,0,0
2,female,32.71805095304177,349.87284816215964,S,1,1,3,0,1
2,female,64.2056065272336,387.85017976742444,S,4,0,5,0,0
3,male,17.118815135683008,330.7788365643177,S,4,3,8,0,0
2,male,44.85171099488061,84.28158665204869,S,0,4,5,0,0
3,female,58.912632386344306,439.18271092335794,Q,3,2,6,0,0
3,female,49.66285057055414,274.1563308406443,C,4,2,7,0,0
2,male,15.853954034617875,148.4114889213018,S,4,3,8,0,0
3,male,29.075380926173413,218.36181086447002,Q,3,1,5,0,0
3,female,62.91955097434638,28.409834295464616,S,0,0,1,1,1
1,male,44.783894616429315,72.6547325989846,S,3,4,8,0,0
3,female,1.413139469890106,385.1179077527718,Q,0,0,1,1,0
3,male,61.118270042219415,10.005701030129408,Q,1,4,6,0,0
3,male,3.7895970402788866,214.11725595632316,C,0,2,3,0,0
2,male,59.91296883576734,266.0299887319383,C,1,0,2,0,0
3,male,16.995964253053756,36.77086580047643,S,1,3,5,0,1
2,female,76.68780492943104,486.8082998564431,S,0,1,2,0,0
1,male,30.067319352864672,120.80141231233925,C,2,3,6,0,0
3,male,26.82759769070825,159.05737262177763,C,0,1,2,0,0
1,female,12.762155976263129,158.93183100496339,Q,4,0,5,0,0
2,male,25.142733023726976,122.90416443750145,C,4,0,5,0,0
3,male,70.25541018442784,10.722172822292594,C,2,1,4,0,0
3,female,79.71041267255254,367.3789491031182,S,1,2,4,0,0
3,male,30.09645291004102,483.7542949016498,C,2,4,7,0,0
3,female,36.44023984540886,119.90380680967208,S,4,3,8,0,0
2,female,58.043604118016226,334.89312398367696,C,2,3,6,0,1
2,female,71.00946665674088,373.5292002097704,Q,0,3,4,0,0
2,female,47.85050240075595,425.7284357543571,C,2,0,3,0,1
3,male,31.93053015604852,217.08830653666848,C,1,3,5,0,1
3,female,33.59712542704128,158.43614376381032,C,0,4,5,0,0
3,male,55.95383357324774,169.39461567128524,S,3,4,8,0,0
3,male,1.2542428247380157,359.1844532182713,Q,4,1,6,0,0
1,male,49.947557659327416,410.22193858776166,C,4,0,5,0,0
2,male,29.083947824867234,98.9908442007353,S,2,4,7,0,0
1,male,63.741589170889654,191.76109399730495,Q,0,2,3,0,1
3,male,8.346260546027441,451.9506964070835,S,3,0,4,0,1
2,male,47.46797908892285,405.2798246504222,S,0,0,1,1,0
3,male,38.996858301003776,492.58061735361315,Q,4,4,9,0,0
2,male,51.743716546512964,379.5816472442196,C,0,2,3,0,0
1,male,6.1234339641545,202.66564850368192,S,3,1,5,0,1
1,female,46.81871920682237,299.4125386573725,S,2,4,7,0,0
3,female,45.35728244880237,333.8969845811869,C,1,2,4,0,0
3,female,45.2921474588775,48.44334999539073,C,0,0,1,1,1
1,male,48.67552566111993,276.8035099608939,Q,1,2,4,0,0
1,female,54.44096704088262,357.56720595157867,Q,4,0,5,0,1
3,female,64.59413097478081,91.98743896051958,Q,2,4,7,0,0
1,female,22.31583689012893,392.509541538523,C,2,4,7,0,0
3,male,66.1789034042249,296.0486624519147,S,0,3,4,0,1
3,male,40.362198898812835,476.5886749918214,S,2,3,6,0,0
1,male,7.087604051612162,30.78692612137693,Q,0,3,4,0,0
1,male,5.625523410274357,140.0098074021788,C,0,4,5,0,0
3,female,27.404827176988803,304.7614008569138,S,1,1,3,0,0
2,female,63.00686119180594,155.31435698090604,Q,2,4,7,0,0
2,female,56.906793844532345,360.06784039490867,S,0,2,3,0,0
3,female,63.30058220912011,381.9125884357462,S,1,4,6,0,0
3,male,41.86425545888714,60.23282239257248,C,3,4,8,0,0
3,male,35.77572083848376,261.78868746131616,C,1,0,2,0,1
3,male,12.648749609796432,259.3563722396174,S,1,0,2,0,1
2,female,26.92722753513561,190.94757740561514,Q,0,0,1,1,0
1,male,35.287529927736145,467.1331826591393,C,4,4,9,0,0
3,male,7.999433944689761,415.4780967378784,S,4,1,6,0,0
3,female,18.42834426418569,351.632597135722,C,4,2,7,0,0
2,female,48.25979823103537,360.0200515101488,C,1,2,4,0,1
3,male,59.117386024896,236.24091046842835,C,0,1,2,0,1
1,male,79.86945340004303,461.2873153373222,S,2,1,4,0,0
2,male,74.71595317614106,350.35175935410984,Q,1,2,4,0,0
1,male,51.76265076328013,367.2007202113501,Q,1,3,5,0,0
2,male,34.27859621023169,432.22854285579916,Q,0,0,1,1,0
1,male,51.25801181195038,144.29507877767358,C,3,0,4,0,0
1,female,63.06647782833833,405.4647428946845,S,1,2,4,0,1
1,female,10.348559082947599,105.6678954486811,C,3,1,5,0,1
3,female,33.382486286006774,179.21755659999505,Q,3,3,7,0,0
3,male,67.34438056521375,174.44912259222292,Q,4,2,7,0,0
3,female,31.322803202710478,489.47747951067885,S,0,0,1,1,1
3,male,46.177909426947735,429.70323963648417,C,3,4,8,0,0
2,male,47.43377950811366,353.57323217922726,Q,0,1,2,0,0
2,female,15.57362399755751,366.2578131915412,S,4,4,9,0,0
3,male,29.616599890530782,285.4156692572598,C,0,2,3,0,1
2,male,27.42639181061264,474.07442688317434,C,1,0,2,0,0
3,female,3.069539974033119,253.16678891235716,Q,3,3,7,0,0
1,female,2.9111493474170644,196.45367783624832,Q,0,4,5,0,1
3,female,66.70406645038611,89.8873150964796,C,2,3,6,0,1
1,male,22.57259398785218,395.2407696079184,C,0,0,1,1,1
3,female,41.92822253286642,369.8775267170398,Q,3,4,8,0,0
3,female,24.599320313513072,198.3339688768261,C,4,3,8,0,0
3,male,75.3136603641119,22.344772840022387,Q,4,3,8,0,1
1,female,21.484443950396127,421.1086905818253,C,3,4,8,0,1
3,female,34.94288820637587,15.594811892496079,Q,1,0,2,0,0
3,female,69.94568978828354,354.81289201823495,S,1,3,5,0,0
3,male,67.51275177655289,485.42598376576797,Q,4,2,7,0,1
3,male,15.702012009855908,224.4540507926197,Q,4,4,9,0,1
3,male,64.40882147386112,125.13696844801686,S,3,1,5,0,0
2,male,37.19676405229352,355.38679492125704,C,1,1,3,0,0
3,female,39.154540894743064,410.39278958763674,S,4,0,5,0,0
3,male,11.544917820859558,277.75085487814516,Q,1,2,4,0,0
3,male,7.367519586812848,483.8472848755116,C,4,3,8,0,0
1,female,58.50720525092745,35.31767361240094,S,0,1,2,0,0
2,female,40.22043103606868,257.3498431692188,C,2,0,3,0,0
3,female,35.51120550659918,362.0424341880495,C,0,2,3,0,0
3,male,58.631150063539344,432.6938308630977,S,4,2,7,0,0
2,male,61.47551902029767,97.83524983481712,C,2,0,3,0,1
3,male,13.55374524587893,402.0017060642039,S,2,0,3,0,0
2,female,49.20778680873366,280.8264671020872,Q,4,3,8,0,0
1,female,11.692972499937156,204.31130417508197,C,4,0,5,0,1
2,male,60.35863179629461,74.54036400375584,Q,1,3,5,0,0
2,female,52.899457345104025,433.9949218653671,Q,4,3,8,0,1
3,female,76.57255506559318,87.06387200806053,C,3,4,8,0,1
1,female,6.447683292157273,161.79605101245863,S,4,2,7,0,0
3,male,5.507322970949091,152.12231066159407,C,3,2,6,0,1
3,female,23.292778900762812,436.9928767535186,Q,4,2,7,0,0
3,female,21.674749015136573,339.62446716236,Q,1,4,6,0,0
3,male,20.511325126687986,400.3738846237724,S,3,3,7,0,0
2,male,72.59411186116189,132.7292704083245,C,0,3,4,0,0
3,female,20.714149788110984,316.18830880742945,Q,3,0,4,0,1
3,female,22.484028364161848,290.15553174043686,Q,1,4,6,0,0
1,male,60.99246273101913,418.0868846262528,Q,3,0,4,0,0
3,male,36.52944755359266,453.98265963581764,S,4,4,9,0,0
3,female,62.360133999459315,15.956818023919535,Q,4,0,5,0,0
3,female,6.163926447586434,340.2697603388084,Q,1,1,3,0,0
3,female,39.51812430019736,35.39954156866722,C,2,2,5,0,0
3,female,3.655474414479328,278.9407458879044,C,4,2,7,0,1
2,male,5.949603072973007,150.94003723140233,Q,0,3,4,0,0
3,female,72.60855881420846,160.32053376584918,Q,1,1,3,0,1
3,female,12.000384318290017,182.94966669165473,C,3,2,6,0,0
1,male,43.06123389974215,314.43330003430896,S,3,3,7,0,1
1,female,33.476552605455815,173.6844831776969,S,0,1,2,0,1
2,male,28.44012277444857,369.0225347892374,S,4,2,7,0,0
3,female,72.08683430929453,208.21841893119614,S,1,0,2,0,0
3,female,2.724048345263671,43.493068151879726,S,0,4,5,0,1
1,male,53.43938520787154,394.04232281721255,S,4,1,6,0,0
3,male,77.10816030287049,150.02157905042594,S,1,3,5,0,1
2,female,45.25328649348551,222.05577100363868,S,3,1,5,0,0
3,female,75.00897450061426,345.86750277873176,C,1,3,5,0,0
3,female,5.128372463595878,172.90351700286888,S,2,1,4,0,0
3,male,34.08467220685875,37.72697151189065,S,1,3,5,0,1
2,female,21.552465486002042,193.22131303627867,S,2,2,5,0,0
2,male,58.73485623347765,472.7798055202087,Q,1,0,2,0,1
2,male,78.52247014928248,324.4498546762935,C,2,2,5,0,1
1,female,21.265874933095578,339.0247828469314,C,3,0,4,0,0
3,male,52.67979351645188,319.81825528244354,C,4,2,7,0,0
3,female,16.64971298801947,107.50614809012403,S,2,2,5,0,1
3,female,45.66109011115718,214.98359341011727,S,2,1,4,0,0
3,female,37.65066644837856,377.96050119802595,Q,3,4,8,0,1
3,female,77.78842104089144,59.67271980104798,C,2,3,6,0,0
3,female,49.07365454302086,146.147860283959,S,0,3,4,0,0
3,male,28.611003394858685,145.39636314826828,C,3,3,7,0,1
3,male,10.013567006146737,221.68927452130794,Q,0,0,1,1,0
2,female,12.94849947005983,490.3806830616707,Q,3,3,7,0,0
2,female,18.80003746614757,43.07624787507275,Q,2,3,6,0,0
1,male,20.82636624588354,264.16348724649157,C,0,1,2,0,0
3,male,68.1986685694499,97.88869418598313,S,2,2,5,0,0
3,male,45.336600274319466,485.63150725077463,S,3,3,7,0,1
2,male,42.34788199857495,65.51871731645745,Q,2,4,7,0,0
3,female,10.066740877668181,207.76449115717972,S,0,3,4,0,0
3,female,68.95103577460536,371.56364256895705,Q,0,0,1,1,0
2,male,58.10232995347022,355.2316697334482,C,2,0,3,0,0
1,female,6.345800590100125,217.1370320780268,Q,1,0,2,0,0
3,male,56.91897268115172,179.79684229683193,C,3,3,7,0,1
3,female,43.93951917006904,204.83006549090658,Q,3,1,5,0,1
3,male,7.456302313995482,139.49536894773325,S,2,4,7,0,0
3,female,37.20575068076386,110.6131399663319,S,1,3,5,0,0
3,male,39.291006683273714,246.6894518038561,Q,0,1,2,0,0
3,male,14.096188672898784,141.58154047312757,S,4,1,6,0,0
3,female,75.7101536130223,150.85621579965255,S,4,3,8,0,0
3,male,68.14805434697229,331.810471102533,S,2,3,6,0,0
2,female,53.85276464899956,484.58329253294715,C,1,1,3,0,0
1,female,37.52134931904797,305.78222827409377,S,1,1,3,0,0
1,male,33.52947778517617,47.71993886183348,C,3,1,5,0,0
3,female,52.42690390492538,47.03597078849282,Q,0,3,4,0,1
3,female,44.08911768314553,476.19737821432733,S,1,1,3,0,0
3,female,5.9195753646689635,155.6724872505935,S,4,0,5,0,0
2,female,41.487709252856206,55.11282318041296,S,0,3,4,0,0
1,female,64.70588576139431,303.53184770368694,Q,0,0,1,1,0
1,male,37.279950330159686,315.5879013622304,C,2,2,5,0,1
2,female,5.104569626787205,327.7673618581572,C,1,3,5,0,0
3,female,63.11597775133861,141.02699365019524,S,2,2,5,0,0
2,female,16.907738788741977,17.404235265092765,Q,1,1,3,0,0
2,female,21.431045956155064,482.8575310326912,Q,3,1,5,0,1
3,female,14.011801921151376,132.9375923886402,Q,2,4,7,0,0
2,male,27.086990124848306,341.2528811457483,Q,2,1,4,0,0
3,female,60.78336894940217,356.2486362405677,Q,4,2,7,0,0
3,male,42.03148290081105,308.90363436894796,C,2,1,4,0,0
2,male,17.18562065790629,163.32462316468764,C,1,3,5,0,0
3,male,70.34857617401123,142.83716434439222,C,4,1,6,0,0
3,male,70.4869665411708,302.8574585243245,S,2,4,7,0,0
3,female,69.77569557863454,434.38686046972884,Q,2,1,4,0,1
1,male,19.864900699141604,473.8995271724638,S,3,2,6,0,0
3,male,36.64790819029806,61.89384415784124,Q,2,2,5,0,0
2,female,78.81418283512913,85.86602017288273,C,0,1,2,0,0
2,female,61.98898562848924,472.92076680370906,S,4,2,7,0,1
2,female,3.1462262768192257,370.90226188404836,C,0,2,3,0,0
3,male,6.151162709578872,442.66697416658883,Q,4,4,9,0,1
2,female,37.65057876817429,109.28999072631815,Q,3,3,7,0,0
2,female,72.82839626306325,297.91707684360694,Q,2,4,7,0,0
3,male,43.557442038264426,353.55840126456206,C,2,0,3,0,0
2,female,40.327188134708926,343.2548238690166,Q,2,4,7,0,0
1,female,9.332422296573816,209.9943285246821,C,4,1,6,0,1
1,female,52.88562827321923,17.543496928741153,S,2,3,6,0,1
1,female,65.94614968741782,295.6337678340889,Q,0,1,2,0,0
1,male,31.053180593097423,134.0197541980083,Q,2,0,3,0,0
1,female,62.27333622310087,230.62458061001627,Q,3,3,7,0,1
3,female,77.19365565816412,479.2146973910705,S,0,2,3,0,0
1,male,17.09755027108744,205.52730564479302,Q,2,4,7,0,0
2,female,42.34304086438456,421.5027872655691,C,2,1,4,0,0
3,male,23.683898688681467,102.38489681713305,C,1,0,2,0,0
2,female,63.63549910367331,339.5056440322641,Q,4,2,7,0,0
3,male,46.629875904611445,488.7334076750823,Q,0,4,5,0,0
1,male,51.13201098647399,59.92761942773903,S,1,2,4,0,0
1,male,64.03521860965563,14.076771691324087,S,3,4,8,0,0
1,male,32.28166734033394,222.45556838998104,S,4,3,8,0,0
1,female,73.29211540415642,55.38648669516993,Q,0,2,3,0,0
2,male,43.10928051244505,376.70833134135336,S,2,2,5,0,1
1,female,13.478431003992492,458.1288452857939,S,0,2,3,0,0
1,male,55.976030335335395,222.67027662729183,C,2,3,6,0,0
1,male,63.6676466846221,136.76870465616605,S,4,0,5,0,1
2,male,26.024172488334607,222.8576263132388,C,2,4,7,0,1
2,female,68.71716130290149,364.4894307465005,C,3,2,6,0,0
2,male,72.58531712649554,14.43653917438178,S,2,3,6,0,0
3,female,22.875454502846907,298.8324548475016,C,3,0,4,0,1
3,female,78.69819634450255,310.5129255948157,Q,4,4,9,0,1
1,female,12.116210715851915,322.4672409790084,Q,4,3,8,0,1
3,female,16.959237803796707,128.59081919062982,S,0,4,5,0,1
3,female,15.553762299804063,359.8858344552821,Q,3,2,6,0,0
1,female,71.62518709062176,54.78182830257044,C,3,0,4,0,0
3,female,52.689111633671985,107.6424648687324,Q,1,3,5,0,0
3,female,13.016238374559556,439.9603228606961,S,1,0,2,0,0
1,female,35.78555005109957,371.9743438560175,S,1,2,4,0,0
2,male,49.60854398051436,16.735321465559174,C,2,0,3,0,0
3,male,7.59366271416128,131.70436758120212,S,1,0,2,0,0
3,male,70.71089310417976,115.05917666665063,Q,3,1,5,0,1
1,male,64.48467929988128,142.69510073811657,S,2,0,3,0,0
2,male,40.91133511255442,131.30428743714435,C,4,4,9,0,0
2,female,77.40300260547447,40.63788491399441,S,0,3,4,0,0
2,female,34.00311736273287,234.88085313244196,Q,1,1,3,0,0
3,female,78.74471520388333,369.0394026452209,C,4,3,8,0,1
2,female,53.765679905486536,307.29854511154383,Q,3,3,7,0,0
2,female,51.13903058706138,339.7071176130591,C,0,2,3,0,1
3,female,14.110436728367015,49.76309748275718,S,4,2,7,0,0
1,female,70.67229290606687,476.23044798662573,C,0,1,2,0,0
2,male,34.7716853457286,420.86099858308216,C,1,2,4,0,0
3,male,13.816439056815868,404.49425606287474,S,3,2,6,0,0
3,male,1.9959940780849643,413.26206447046604,Q,0,2,3,0,1
3,male,45.22069900743222,467.02814898505306,S,4,3,8,0,0
3,female,42.66457014769143,276.68444339571187,C,1,1,3,0,1
1,female,57.828936167163526,108.13818875513668,S,1,3,5,0,0
2,female,71.33038618840637,312.22396784774514,C,4,4,9,0,1
3,male,7.273120186799332,374.0119318972901,S,4,3,8,0,0
2,female,58.78822273688863,371.57952274347247,S,0,4,5,0,1
2,female,15.805543583708996,265.5100218417713,Q,2,0,3,0,0
2,female,68.79598719941595,43.54477247345325,C,1,0,2,0,0
1,male,65.70601759507083,191.84533983076264,Q,0,4,5,0,0
2,female,43.722706643858004,461.1756381470451,C,4,4,9,0,1
2,male,57.10918109124161,296.37996578113876,S,0,3,4,0,0
2,male,25.833658941516124,273.7826521952996,C,4,4,9,0,0
1,male,38.22226401569235,141.73822204727483,Q,3,1,5,0,1
3,male,65.90931491912725,190.53997075912366,Q,4,0,5,0,0
3,female,37.2819505766839,448.71958368505295,Q,4,0,5,0,0
3,male,29.266062960709903,336.5668932881495,C,4,4,9,0,0
3,male,40.042783332773695,395.8196431086431,Q,2,2,5,0,0
2,female,66.43169094254026,232.629257303151,Q,4,2,7,0,1
1,female,27.481435742298945,318.8211375335174,Q,1,4,6,0,1
3,male,14.72716585772376,131.70796828417167,S,1,1,3,0,0
3,female,57.24910760613168,355.6758068389083,S,0,2,3,0,1
3,male,66.25227880393847,219.52465351463528,C,2,4,7,0,0
2,male,8.950360803359132,226.84730225922533,C,0,1,2,0,0
1,male,19.950054907719633,328.167939042672,Q,1,1,3,0,0
2,male,12.215787191118519,468.7775045197741,S,1,3,5,0,0
2,female,28.487371514991164,41.363109838224254,Q,3,1,5,0,0
3,male,36.5777273335276,414.1241863000337,Q,4,2,7,0,1
3,female,60.15728062010121,153.26772410197464,S,1,2,4,0,1
2,female,52.44065920565225,227.52053270812513,S,0,4,5,0,0
3,female,50.05335683079606,20.73753109975439,S,0,4,5,0,0
3,female,28.8376207821627,157.51257813881338,C,4,1,6,0,1
2,male,67.47435669369604,256.2893088887639,C,4,0,5,0,1
1,female,38.231686224455004,37.52627790024512,Q,3,3,7,0,1
1,male,78.3492901031972,250.63690739775092,C,2,0,3,0,0
2,female,51.09722892536321,464.2842081406294,S,0,1,2,0,1
1,female,10.974914583595716,61.64267687282456,S,4,1,6,0,0
1,male,54.418027403959286,384.57595675699713,C,0,0,1,1,0
2,male,26.68321721910422,210.7388161542364,Q,4,3,8,0,0
1,male,55.219848538201695,331.0351201169256,Q,1,0,2,0,0
3,female,6.501650704830054,137.5159330127624,C,0,4,5,0,0
1,female,14.815633536900792,88.15120864526556,Q,1,2,4,0,0
3,male,68.60324345355713,88.62668099290096,Q,0,4,5,0,0
2,male,18.947185004857676,44.541053365140876,Q,2,2,5,0,1
3,male,67.12624889419226,100.96688540160908,S,3,1,5,0,0
1,male,23.062810987898423,335.46749864459446,S,1,3,5,0,0
2,female,51.787670894637905,442.02839980331896,C,4,0,5,0,0
3,male,55.837895307276646,408.9215859396693,S,2,3,6,0,1
3,male,41.499725498459185,345.7158118384972,Q,0,0,1,1,0
3,male,25.119543459041772,64.1116130714403,S,1,4,6,0,0
2,male,17.798905733316595,151.70184868501542,C,0,4,5,0,0
1,female,3.6219590104316715,161.8053689080098,S,0,0,1,1,1
3,male,25.011765698017182,132.4789037348344,Q,0,3,4,0,1
3,female,52.59986045197136,262.35277325776434,Q,3,0,4,0,0
3,male,75.12608065743014,272.4213692910396,C,3,1,5,0,0
3,male,69.82515409878111,184.874127833844,S,4,4,9,0,1
2,female,61.5191173462889,183.35668778085366,S,1,1,3,0,0
3,male,63.287340117010594,415.99224297397984,S,2,4,7,0,0
1,female,53.533807374603626,396.75349567664597,Q,2,4,7,0,0
2,female,21.562661747714237,160.81995752356536,C,2,2,5,0,0
2,male,72.66840742576056,457.75633749789705,S,0,1,2,0,0
3,female,53.98785264056089,476.87935833122793,Q,3,1,5,0,0
2,female,45.274809847454755,170.10384559472,Q,1,2,4,0,0
1,female,9.768168067865005,183.66822490859687,Q,0,3,4,0,1
3,female,36.317387960707606,257.7607351767598,S,3,1,5,0,0
2,female,37.368303424952174,471.14919814150005,S,3,0,4,0,1
3,female,69.30052515229093,439.39652223973263,S,1,2,4,0,0
1,female,44.18520939483529,60.258301665959,S,1,1,3,0,0
2,female,31.05164336866236,202.43806420299396,S,1,3,5,0,0
3,male,78.1672259523421,281.1518829773882,S,0,1,2,0,1
1,male,9.746926872778939,256.5349115502546,S,4,4,9,0,1
2,female,34.381325836643626,104.9929032890774,S,1,0,2,0,0
1,male,4.319949338541018,430.8202178723958,S,4,2,7,0,1
1,female,59.4524255405875,341.7009836684503,Q,0,4,5,0,0
3,female,73.5280476237329,420.57510367738377,S,4,3,8,0,1
2,male,23.122949034488666,430.7944968812414,C,2,4,7,0,1
3,female,68.80899246713055,376.6943682962125,Q,4,4,9,0,1
2,female,24.085240206489924,225.2131946123615,S,1,3,5,0,0
3,female,72.9508427698693,309.16790995755804,C,0,4,5,0,0
3,female,60.562990384145934,88.57904899867414,S,1,2,4,0,0
3,male,64.58763537047365,340.08625456270477,C,2,1,4,0,0
2,female,2.4225178924359057,97.83409531224757,C,1,4,6,0,0
2,female,77.06201820884804,350.0352993499768,C,1,2,4,0,0
2,female,58.407008373555534,122.50309876944465,C,1,1,3,0,0
3,male,25.075336535504533,67.60013707360778,Q,3,1,5,0,0
3,female,66.52217852384891,90.98940017004914,Q,2,4,7,0,0
3,male,23.240174674779468,10.976146257344432,C,1,2,4,0,0
1,male,69.94755332572412,362.1824127482298,S,1,4,6,0,1
3,female,9.893850842543024,368.87651403860576,C,1,3,5,0,0
3,female,56.59119221940286,262.31734145749715,Q,0,1,2,0,0
1,male,43.71517965494792,89.06777251713801,S,3,4,8,0,1
1,female,8.626223145439823,50.94162538023797,Q,0,1,2,0,0
3,male,20.10961243244828,19.373193554270635,Q,3,2,6,0,0
3,male,1.9799188659078684,91.21660671295814,S,1,0,2,0,0
3,female,38.03266927169596,446.5192121417419,C,2,4,7,0,0
1,female,24.79995560004003,128.35305243382408,C,4,4,9,0,1
3,male,48.27024125952295,183.59295033643568,C,4,1,6,0,0
2,male,24.481786808980758,61.61928739585326,C,1,2,4,0,0
1,male,24.69360980905179,118.95703932660344,S,0,3,4,0,0
1,male,59.71226269979667,264.4200396823005,S,2,2,5,0,0
3,female,4.803284042289922,307.79881471686974,S,3,4,8,0,1
3,female,72.32870462016699,130.2226339414434,Q,1,3,5,0,0
3,female,68.32884607690333,38.288758020307434,S,2,2,5,0,0
2,female,53.75656997488611,201.60610587242533,C,2,0,3,0,0
3,female,47.86450403848336,124.75965175390373,Q,3,1,5,0,0
2,male,71.49189735303253,117.58142238260295,C,2,2,5,0,0
3,female,15.641084182768441,480.33277332959307,C,0,2,3,0,1
2,female,7.23856381307546,311.9872381036048,S,0,0,1,1,1
2,female,19.921303422853512,282.87043715432696,S,0,4,5,0,1
2,female,63.77168401731503,213.72980072642775,C,2,1,4,0,1
2,female,3.7389510713921825,220.18272338077068,C,0,2,3,0,0
3,male,47.04173997159568,275.0434518806596,Q,3,3,7,0,0
3,male,79.63956377911349,351.2506054476925,S,2,2,5,0,1
2,male,68.59999141316561,354.05158712909645,Q,4,1,6,0,1
3,female,42.194209434443565,94.13001477567029,Q,2,2,5,0,1
2,male,6.027631833644746,255.05524851754723,Q,3,0,4,0,0
3,male,66.67850763647108,211.85946656670995,C,4,2,7,0,0
3,female,48.319302145999636,436.5582134719983,Q,2,2,5,0,1
3,female,10.07970676770578,319.3952713970044,Q,0,3,4,0,1
1,female,8.41472550104514,270.9269925438311,C,1,0,2,0,1
3,male,72.8605187354908,66.54337466766951,S,1,0,2,0,0
3,male,53.8668207721082,306.76256576847163,S,0,2,3,0,0
2,female,66.51365714602369,67.42991378331438,Q,1,3,5,0,0
1,female,70.43933312229912,175.2312220272185,C,1,2,4,0,1
3,male,46.17001581181746,79.99256275902262,S,0,2,3,0,0
3,male,41.87826178864826,349.1160870419408,Q,0,1,2,0,0
3,female,35.003765415358224,111.06353577971478,Q,2,1,4,0,1
3,female,26.038780435498424,202.01109286213273,C,2,3,6,0,0
3,male,35.33308090783823,448.8806410332015,Q,0,4,5,0,1
1,female,62.136492802682355,110.11502786549545,S,3,1,5,0,0
2,male,48.55195105019539,258.82448133980176,C,1,4,6,0,1
2,male,71.50933990643284,215.44311397135078,S,2,0,3,0,0
3,male,36.02702113595583,18.88078011240757,S,1,1,3,0,1
1,male,48.960076718781565,398.4514756506783,S,4,1,6,0,1
3,female,50.87329669426711,43.832494094153866,Q,0,3,4,0,0
3,female,47.74407582219972,242.38496027870727,Q,3,4,8,0,0
3,male,56.50806807375579,284.73236452008547,S,4,1,6,0,0
2,male,19.757244001609696,317.92896374114764,S,4,1,6,0,0
3,male,41.476738426117464,347.42949836085904,C,4,3,8,0,1
1,male,9.233759421859466,134.1034679261304,C,0,3,4,0,0
3,male,31.37639488394019,14.889600562640194,Q,2,4,7,0,0
1,female,39.52569842107989,364.4873945539069,Q,0,0,1,1,0
2,female,52.52571650409232,272.4717336803135,C,2,0,3,0,1
3,female,76.09195315431008,419.6976745715519,S,4,2,7,0,1
1,female,48.451434257320116,412.4802978213402,Q,4,1,6,0,0
2,male,59.743919377948224,423.22982221606276,S,3,4,8,0,0
3,male,40.995018700121015,247.69638338997467,C,2,1,4,0,0
3,male,51.09421847873018,173.47791396006417,Q,4,4,9,0,0
3,male,6.603645074568101,397.8635192697713,Q,1,4,6,0,0
3,male,21.096934886505913,231.1341153843349,C,3,4,8,0,0
3,female,29.586394363205958,99.8866762376829,Q,0,1,2,0,0
2,male,38.32697504551457,428.9372695851224,C,3,3,7,0,0
2,female,4.606250894688316,442.45433961845015,Q,1,1,3,0,0
1,female,12.061903706712098,238.49178050868335,C,2,4,7,0,0
3,female,22.868330315513155,47.09286638179586,Q,0,2,3,0,0
3,female,77.751082581183,200.0347840592963,S,0,0,1,1,1
2,male,27.17641356114101,403.7334531366756,S,2,4,7,0,1
2,female,39.08124359085452,451.86927398765204,S,3,2,6,0,0
3,female,16.491719306333042,109.70164382382195,Q,4,3,8,0,0
1,female,49.25162561498569,42.817069892383046,Q,3,4,8,0,1
3,male,23.17397402576197,439.9017220350909,S,1,2,4,0,1
3,male,17.352413696635715,200.80842009964888,S,4,4,9,0,0
3,male,41.809237647232344,275.462872491106,C,3,1,5,0,0
1,female,1.4349581336732449,484.3522479048719,C,2,2,5,0,0
3,female,1.605458579288801,42.6167166779692,C,1,1,3,0,0
3,male,18.306435919046763,327.6758236515268,S,1,1,3,0,0
3,female,3.90098763756487,46.31165706168487,S,1,2,4,0,0
3,male,9.534034576324618,193.97977494858517,S,4,0,5,0,0
3,male,27.769991297761376,403.86912714478893,C,0,2,3,0,0
3,female,64.40426868680521,222.40139405026085,Q,4,0,5,0,0
1,female,46.191842826174764,498.6193534124457,S,3,4,8,0,0
3,female,41.5007503505569,283.93904962383505,Q,0,4,5,0,0
3,female,24.18561703344161,167.36945479161722,Q,3,2,6,0,0
2,male,74.60854383519249,117.85454969332903,Q,0,4,5,0,0
3,male,32.36418825773814,181.7550618002193,C,4,3,8,0,1
3,male,7.8803285768659475,192.5413041421799,Q,1,1,3,0,0
3,male,49.7482547733063,43.66970208474088,S,2,1,4,0,1
2,male,9.99323308465151,191.09135771911886,C,1,0,2,0,1
1,female,28.272628281333674,237.47687467222022,S,4,4,9,0,0
3,male,41.0855431587069,364.1414985970143,S,0,0,1,1,0
3,male,70.06357945012888,331.7974475135879,C,1,1,3,0,0
1,male,39.990179846869374,357.2951710622856,S,4,1,6,0,1
3,female,56.478442516501474,14.098204119659979,S,3,4,8,0,1
3,female,79.43253028092656,116.65702579446267,C,2,3,6,0,1
3,female,11.387640471940548,334.2253013159297,S,1,3,5,0,0
3,female,22.70379051604204,247.1547904080761,Q,0,4,5,0,0
2,male,32.17150997221407,12.603603077489513,S,3,4,8,0,0
1,male,34.32442610456768,404.20237479159294,Q,4,0,5,0,0
2,female,33.470664945978115,388.6766909122653,S,2,4,7,0,0
3,female,72.70126920196783,278.7253898668457,C,0,3,4,0,0
1,male,57.40857891288166,42.56702963037334,C,4,4,9,0,1
2,male,49.0245119131656,385.5923742709665,S,4,0,5,0,0
2,female,25.440444711159785,296.01965798836835,C,1,0,2,0,0
3,female,66.07944035348228,393.1603888074,S,1,0,2,0,0
3,female,76.44978040731412,378.3560262739618,C,0,0,1,1,1
2,female,65.87466432146789,403.4710152593402,Q,4,2,7,0,1
2,male,1.1236433101263594,263.82395253826616,S,1,4,6,0,0
3,male,51.27570824448915,78.75901391482235,Q,2,1,4,0,0
2,male,5.0396951339259575,338.8671619560474,Q,2,4,7,0,0
2,female,21.350970406364027,314.03215467546556,S,4,2,7,0,1
2,female,5.702451327473963,373.7040617275527,Q,1,0,2,0,0
1,male,48.69984078300163,93.2416929648603,S,0,2,3,0,0
1,male,55.240603165915935,105.53784795114171,Q,0,3,4,0,0
2,male,10.044523407206505,446.300663437471,S,0,3,4,0,0
2,male,31.32327176055338,377.4891212415147,S,2,4,7,0,1
3,female,37.04268420748782,455.0319594631582,C,1,4,6,0,0
2,male,30.15518871911241,381.7705073703211,S,1,1,3,0,0
3,male,10.56097503833025,302.6060999352479,S,2,1,4,0,0
3,male,34.096875424810555,330.5250411436581,Q,0,3,4,0,0
1,male,60.34306577686503,445.6726827306049,S,0,0,1,1,1
3,male,6.6096054981271815,293.61530971085085,C,4,2,7,0,0
1,male,7.334221112470373,319.87174892090985,Q,3,1,5,0,1
3,male,29.026932055042753,86.67359084176428,Q,1,1,3,0,1
1,female,75.39633121789508,242.22139785689032,C,1,0,2,0,0
2,female,53.81723909111021,361.0345848594685,Q,1,0,2,0,0
1,female,54.61492657713262,142.76192217501907,Q,3,4,8,0,0
3,female,29.591679276191332,109.1045484570221,Q,4,2,7,0,1
3,male,47.899202505474534,163.77513602996362,Q,3,0,4,0,0
3,female,1.800363538191727,128.3353077164884,C,0,1,2,0,0
1,female,51.251587666353835,115.30719214783396,C,0,1,2,0,0
3,male,73.1496688585227,218.1769130053626,Q,1,3,5,0,1
2,male,49.393303999240715,454.8408718029317,Q,2,0,3,0,0
3,female,70.02218888384125,258.459226901972,C,1,4,6,0,0
2,female,58.19387138182141,102.08098659950828,C,2,2,5,0,0
1,male,10.524114895891529,47.7161179966283,C,3,4,8,0,0
1,female,72.29381127558149,351.11651111758334,Q,0,1,2,0,1
2,male,6.249063704106216,197.57139457383005,Q,2,4,7,0,0
3,male,43.183430331273335,412.69716382682606,S,3,1,5,0,1
1,male,12.228832779683156,333.1602766339774,C,0,1,2,0,0
3,male,1.9248222477414212,400.1583107652706,Q,2,1,4,0,0
2,female,34.34070655008348,143.2535593150399,C,1,1,3,0,0
3,male,24.30821590467834,349.2558720059185,Q,1,1,3,0,0
2,male,39.39403901001064,139.3903724999222,C,1,3,5,0,0
2,female,46.59879105202951,470.1435549306429,Q,3,4,8,0,0
3,male,4.455386712406842,321.82339795135346,S,1,3,5,0,0
1,female,10.717260314775906,169.0107820859176,S,4,3,8,0,0
1,female,45.1327493195836,142.0608125232136,C,0,0,1,1,0
3,female,28.11022090064,103.55402668510531,Q,3,0,4,0,1
3,male,58.60470551640639,350.3740698579266,Q,1,0,2,0,0
2,female,52.53104023876323,117.17065036898438,C,0,2,3,0,0
2,female,67.80274467620264,301.69860030446966,Q,2,0,3,0,0
3,male,55.7069333068688,139.6711631934251,C,1,4,6,0,1
2,female,34.9645551138217,334.3647829489956,Q,0,3,4,0,1
1,female,54.16436316916016,409.3204669848642,C,4,4,9,0,0
1,female,22.755112766178062,391.23236914088005,Q,2,0,3,0,1
3,female,25.198766403478803,382.81715215608307,C,4,2,7,0,0
3,female,63.329827633742674,101.98397878920352,Q,0,2,3,0,0
1,male,36.26714179572499,53.308624022414165,S,4,3,8,0,1
2,female,64.07204690094986,352.48492595881896,Q,0,4,5,0,1
2,female,65.971367519794,190.49013475923215,C,0,1,2,0,0
3,male,68.74742467524142,221.84965093764018,S,4,4,9,0,1
1,male,73.41418363145537,25.26305546876162,Q,0,0,1,1,0
1,male,35.04783242055041,137.1924601447741,S,1,1,3,0,1
3,female,26.190478647369968,26.50143789848737,Q,0,2,3,0,0
1,male,46.993700980934996,440.80102857461134,S,3,3,7,0,0
3,female,30.32262145157258,129.26437477707992,C,0,3,4,0,0
2,female,48.484859177218404,283.09521309077394,Q,3,2,6,0,0
1,male,56.741283148862145,29.099867123953903,Q,0,0,1,1,0
2,male,55.38399646087881,336.7552217397725,C,0,2,3,0,0
3,female,30.589678074589585,168.283399419506,S,4,0,5,0,0
3,male,14.181955934201472,449.98040160925626,C,1,1,3,0,0
3,female,35.011817738514395,445.17791257767755,C,1,2,4,0,0
2,male,12.26493738247079,169.3924029972564,S,2,0,3,0,0
3,male,71.31766577952087,451.47083888832924,C,4,1,6,0,0
2,male,28.324319398290736,498.1172600144016,Q,4,2,7,0,1
2,female,13.202320030642579,414.45367542073456,Q,1,3,5,0,1
3,male,3.010373032554319,423.98696040006223,Q,4,2,7,0,1
1,female,52.019968516632254,132.01428069345405,C,1,4,6,0,0
1,female,51.315283078924715,292.5841754403006,Q,4,2,7,0,1
2,female,27.90772915992204,42.95539784401025,Q,0,4,5,0,0
1,female,6.665239218964429,56.50978904261816,Q,1,1,3,0,0
1,male,33.36068269672333,499.4573798963124,Q,1,2,4,0,0
3,female,25.586182110008092,170.05323221869637,Q,3,1,5,0,1
2,female,54.49253053906574,376.61011690393474,Q,4,1,6,0,0
3,male,48.85656070676254,405.26587598314006,C,4,0,5,0,0
3,female,29.80290452760566,430.4314027935423,Q,1,1,3,0,0
2,male,18.213511786144217,498.8378657270567,Q,0,1,2,0,1
2,female,79.05484132629175,128.33327777586524,S,0,2,3,0,0
2,male,36.866128074493076,29.771905161252857,C,0,2,3,0,0
3,female,55.37366462663873,211.48384381734712,C,4,3,8,0,0
2,male,12.103684438690502,73.739528216184,C,3,0,4,0,0
3,female,39.36158627309243,20.98868568940701,C,1,1,3,0,0
2,female,3.1754008696877736,186.6091452993282,Q,2,0,3,0,0
3,male,40.93095431492554,394.03174302686585,Q,3,4,8,0,1
2,male,77.15737516229848,287.4285387002847,S,2,1,4,0,0
2,male,31.352330325878217,163.26121471307349,S,3,0,4,0,0
3,male,4.080684993418015,330.6275826914327,C,0,3,4,0,0
3,female,3.445507482628139,123.68890835131725,S,4,3,8,0,0
1,female,31.65095403580269,17.046908575321662,S,2,1,4,0,0
3,male,13.641969980592329,384.5331593538494,C,3,4,8,0,0
2,female,2.844815609926687,315.6341115833645,C,4,3,8,0,0
3,male,60.74087550206397,383.52828600547036,S,2,3,6,0,1
3,male,37.223317701669366,29.07962817695615,Q,1,4,6,0,0
2,female,23.850336985839707,420.18861763701955,S,3,0,4,0,0
1,female,72.10657145830197,313.56783801778863,S,1,3,5,0,1
2,female,10.174977855841522,286.06372184919366,Q,0,2,3,0,0
3,female,76.51758748747022,316.0608835761205,Q,1,3,5,0,1
3,female,25.80337067281087,433.5722909654984,C,1,0,2,0,0
2,female,71.18389011238581,297.5988882138645,C,3,0,4,0,0
1,female,48.63248724187746,294.66568614520787,S,0,1,2,0,1
3,male,66.30988141957751,495.43278696222524,Q,1,2,4,0,0
3,male,78.73703989362667,380.7977818635983,C,4,0,5,0,0
3,male,23.784029587680912,226.72396467105628,S,2,4,7,0,1
1,male,76.92970334719985,356.6245300161346,Q,1,2,4,0,0
2,male,31.769069697291208,200.72293112897637,S,0,2,3,0,0
1,female,31.455440474216864,122.14897661691451,C,1,4,6,0,0
3,male,27.890581236105948,302.45741967500214,C,2,3,6,0,1
1,male,43.77120098045923,464.80922807583624,Q,0,4,5,0,1
3,male,13.177458411100481,465.27836480757674,S,3,4,8,0,0
2,male,44.74320734328288,177.53358627169027,Q,0,3,4,0,0
3,male,43.794680180390316,268.56195844863055,C,3,3,7,0,1
3,male,61.19024319578473,113.701590299232,C,0,3,4,0,0
3,male,66.85834699306926,497.8592436544529,S,2,3,6,0,0
2,female,35.7948666746815,490.7477748552885,S,2,3,6,0,1
1,female,24.884326698768007,328.2593755566492,S,0,4,5,0,1
1,male,21.487456888050463,404.162889241962,Q,1,1,3,0,1
3,female,16.375283099684882,360.399079029013,S,2,1,4,0,0
3,female,5.554158993722965,300.6475273293394,S,3,0,4,0,0
3,female,28.053390327942353,36.140518524559866,C,3,1,5,0,0
3,female,22.349567678331876,232.83452785080394,C,4,1,6,0,0
3,male,77.34697348344618,340.64528806203117,S,3,4,8,0,0
1,female,45.05899727375347,341.99049080300546,S,4,3,8,0,1
3,female,28.434886083410095,192.83008302696797,C,0,3,4,0,0
2,female,46.85694047850198,471.429073462435,S,0,4,5,0,1
2,male,11.996539406309944,92.0049457960227,Q,0,1,2,0,0
3,male,36.07945618697403,255.1761286456247,Q,1,4,6,0,0
1,male,50.472511392264046,348.5331485099032,Q,1,0,2,0,0
1,male,39.62292871160366,351.5965448869865,S,4,3,8,0,0
3,male,32.740525251691615,327.8330888167196,C,3,2,6,0,0
1,male,79.51402272307615,144.8912245914115,S,3,0,4,0,1
3,male,70.54486620976523,86.54121865644477,S,0,0,1,1,1
2,female,50.249070694595765,321.6107601450883,C,2,4,7,0,0
2,female,45.98081153340034,303.6580369083245,C,1,1,3,0,0
2,female,50.03217790614214,97.88444504172807,C,1,3,5,0,1
2,male,16.903656517972227,355.518181329576,Q,0,2,3,0,0
3,male,32.215881717881174,233.03427594949164,S,1,0,2,0,0
2,male,4.117303098381046,337.20268988554494,C,0,2,3,0,0
3,male,38.56813696145931,420.30986908737384,S,4,1,6,0,1
2,male,43.89894213265539,93.16693000269235,Q,3,1,5,0,0
3,female,18.99222915215356,19.380985318449973,Q,2,2,5,0,0
3,female,77.15827892607558,391.76026733393553,C,3,3,7,0,1
3,male,72.84691426404211,308.7517383247818,C,3,1,5,0,0
2,male,58.049315601016566,352.82338911483964,S,4,2,7,0,0
1,male,43.13754367246364,420.69593774443484,C,1,0,2,0,0
2,male,69.72756361216712,403.37735806400525,S,2,2,5,0,1
3,female,11.32153516205357,480.85087199512407,C,1,2,4,0,0
1,male,63.45027374771591,272.6081886375379,S,3,4,8,0,1
2,male,10.860844303381015,249.36286000335363,S,0,1,2,0,0
3,male,63.74264234140303,206.92472794645772,S,3,3,7,0,0
2,male,22.7856378918572,85.30861099366022,S,1,3,5,0,1
3,female,70.29015590043693,290.577544112191,Q,3,4,8,0,0
1,male,75.57932541220643,145.7361369197296,S,0,3,4,0,0
1,male,12.754881583004135,461.440680984358,C,4,2,7,0,0
3,female,37.551372800166085,295.7634940957778,Q,1,4,6,0,0
2,female,78.49800287485212,300.491688448974,Q,3,0,4,0,0
3,female,39.18918744187858,183.91308382973492,S,1,1,3,0,0
2,male,69.22025427864907,35.47478246907667,Q,4,1,6,0,0
2,male,47.509790248374266,25.554445032764423,S,3,1,5,0,1
3,female,30.651062725648547,217.43422063506677,C,3,2,6,0,0
3,female,23.576900886543747,51.43703526764655,S,1,0,2,0,1
3,female,17.054624195800894,307.35500821466815,Q,1,4,6,0,0
2,female,61.18205711883808,441.67677276343215,C,0,4,5,0,0
3,female,31.536700039019202,442.62826009417387,S,4,1,6,0,0
2,female,41.39076151385934,332.93225096479387,C,0,0,1,1,0
1,male,39.89371292009337,113.50359742173619,C,3,0,4,0,0
3,male,46.60504330941737,432.8684473658473,Q,1,0,2,0,1
1,male,69.38059450433963,444.185783303472,C,3,3,7,0,1
3,female,78.47840814309092,106.36025662694976,Q,3,3,7,0,1
2,female,33.19915247733154,371.33878202763185,C,2,1,4,0,0
